Report_Data_Extracted,LTC_Homes_with_Active_Outbreak,LTC_Homes_with_Resolved_Outbreak,Confirmed_Active_LTC_Resident_Cases,Confirmed_Active_LTC_HCW_Cases,Total_LTC_Resident_Deaths,Total_LTC_HCW_Deaths,Active_Outbreaks_with_No_Resident_Cases
2020-04-24,145,31,2455,1120,625,1,
2020-04-25,147,31,2520,1161,654,1,
2020-04-26,150,32,2523,1187,671,1,
2020-04-27,154,34,2491,1205,705,1,
2020-04-28,159,34,2632,1361,775,1,
2020-04-29,163,34,2614,1430,835,1,
2020-04-30,166,35,2722,1482,861,1,
2020-05-01,167,36,2682,1541,910,2,
2020-05-02,170,36,2719,1594,954,2,
2020-05-03,175,37,2751,1619,972,3,
2020-05-04,175,37,2740,1613,1003,3,
2020-05-05,174,41,2819,1621,1074,3,
2020-05-06,174,45,2831,1671,1111,3,
2020-05-07,175,49,2782,1707,1150,4,
2020-05-08,175,53,2773,1736,1187,4,
2020-05-09,172,58,2727,1693,1235,4,
2020-05-10,174,57,2725,1691,1235,4,
2020-05-11,180,58,2703,1677,1239,4,
2020-05-12,180,64,2690,1672,1269,5,
2020-05-13,185,71,2501,1668,1308,5,
2020-05-14,186,75,2429,1647,1320,5,
2020-05-15,185,80,2490,1637,1360,5,
2020-05-16,189,82,2500,1631,1388,5,
2020-05-17,189,85,2526,1606,1389,5,
2020-05-18,190,88,2538,1615,1408,5,
2020-05-19,183,100,2563,1611,1427,5,
2020-05-20,175,109,2458,1564,1452,6,
2020-05-21,171,116,2252,1523,1486,6,
2020-05-22,165,124,2148,1437,1495,6,
2020-05-23,161,130,1954,1392,1525,6,
2020-05-24,159,133,1926,1395,1531,6,
2020-05-25,150,142,1855,1335,1538,6,
2020-05-26,135,157,1765,1216,1587,6,
2020-05-27,129,164,1655,1160,1591,6,
2020-05-28,123,172,1476,1113,1625,6,
2020-05-29,114,180,1304,1048,1636,7,
2020-05-30,114,182,1184,986,1642,7,
2020-05-31,112,184,1154,978,1648,7,
2020-06-01,105,191,1081,925,1652,7,
2020-06-02,94,203,986,866,1661,7,
2020-06-03,89,208,970,805,1679,7,
2020-06-04,85,213,969,732,1692,7,
2020-06-05,83,214,923,685,1717,7,
2020-06-06,77,220,884,664,1719,7,
2020-06-07,78,220,884,665,1720,7,
2020-06-08,73,225,816,643,1738,7,
2020-06-09,68,231,777,630,1766,7,
2020-06-10,65,235,683,590,1772,7,
2020-06-11,63,238,611,543,1776,7,
2020-06-12,63,240,539,503,1786,7,
2020-06-13,67,238,524,507,1787,7,
2020-06-14,69,236,490,476,1792,7,
2020-06-15,67,240,458,471,1794,7,
2020-06-16,68,241,381,435,1798,7,
2020-06-17,67,242,339,435,1797,7,
2020-06-18,66,243,320,371,1799,7,
2020-06-19,67,246,252,356,1799,7,
2020-06-20,68,246,241,347,1802,7,
2020-06-21,66,247,240,346,1803,7,
2020-06-22,63,252,228,331,1796,7,
2020-06-23,62,253,205,368,1798,7,
2020-06-24,57,258,189,321,1803,7,
2020-06-25,57,258,187,324,1807,7,
2020-06-26,57,257,181,315,1807,7,
2020-06-27,55,259,183,320,1809,7,
2020-06-28,56,258,184,320,1809,7,
2020-06-29,55,259,184,316,1809,7,
2020-06-30,48,265,168,299,1817,7,
2020-07-01,46,267,168,289,1817,7,
2020-07-02,44,269,167,287,1817,7,
2020-07-03,36,278,165,263,1821,7,
2020-07-04,35,280,162,263,1821,7,
2020-07-05,34,281,160,261,1821,7,
2020-07-06,30,285,160,249,1821,7,
2020-07-07,26,288,144,217,1822,7,
2020-07-08,25,289,142,211,1833,7,
2020-07-09,22,292,137,204,1833,7,
2020-07-10,23,293,80,143,1834,7,
2020-07-11,23,294,76,144,1836,7,
2020-07-12,25,293,76,148,1836,7,
2020-07-13,27,292,76,150,1836,7,
2020-07-14,20,299,49,117,1838,7,
2020-07-15,19,300,45,62,1840,7,
2020-07-16,18,302,36,62,1839,7,
2020-07-17,17,303,39,63,1841,7,
2020-07-18,17,303,40,60,1841,7,
2020-07-19,16,304,34,61,1841,7,
2020-07-20,16,304,32,66,1841,7,
2020-07-21,16,307,25,66,1844,8,
2020-07-22,15,308,17,53,1844,8,
2020-07-23,14,309,17,51,1844,8,
2020-07-24,13,310,16,42,1844,8,
2020-07-25,12,311,16,41,1844,8,
2020-07-26,13,311,16,43,1844,8,
2020-07-27,15,310,16,46,1844,8,
2020-07-28,15,310,10,36,1844,8,
2020-07-29,17,309,12,37,1844,8,
2020-07-30,17,310,9,37,1845,8,
2020-07-31,19,309,10,37,1845,8,
2020-08-01,20,309,10,37,1845,8,
2020-08-02,23,308,11,40,1845,8,
2020-08-03,23,308,11,40,1845,8,
2020-08-04,23,308,12,42,1845,8,
2020-08-05,23,308,13,42,1846,8,
2020-08-06,22,309,11,43,1846,8,
2020-08-07,20,311,7,36,1847,8,
2020-08-08,18,313,4,34,1847,8,
2020-08-09,18,313,4,34,1847,8,
2020-08-10,18,313,3,38,1847,8,
2020-08-11,16,315,3,38,1847,8,
2020-08-12,14,317,3,34,1847,8,
2020-08-13,14,317,3,33,1847,8,
2020-08-14,13,318,4,33,1847,8,
2020-08-15,13,318,4,33,1847,8,
2020-08-16,13,318,4,33,1847,8,
2020-08-17,12,319,3,30,1847,8,
2020-08-18,10,322,3,21,1847,8,
2020-08-19,11,321,3,24,1847,8,
2020-08-20,12,319,4,23,1847,8,
2020-08-21,7,324,3,18,1847,8,
2020-08-22,7,324,3,18,1847,8,
2020-08-23,7,324,3,18,1847,8,
2020-08-24,6,325,2,13,1847,8,
2020-08-25,7,326,1,16,1847,8,
2020-08-26,9,323,0,18,1848,8,
2020-08-27,9,323,0,19,1848,8,
2020-08-28,9,323,0,19,1848,8,
2020-08-29,9,323,0,19,1848,8,
2020-08-30,9,323,0,19,1848,8,
2020-08-31,12,322,1,22,1848,8,
2020-09-01,13,322,1,23,1848,8,
2020-09-02,16,319,10,26,1848,8,
2020-09-03,17,317,10,32,1848,8,
2020-09-04,17,317,7,40,1848,8,
2020-09-05,17,317,14,38,1848,8,
2020-09-06,19,316,14,40,1848,8,
2020-09-07,19,316,19,40,1848,8,
2020-09-08,18,317,36,39,1848,8,
2020-09-09,16,322,35,35,1848,8,
2020-09-10,17,322,37,36,1848,8,
2020-09-11,17,322,37,39,1848,8,
2020-09-12,16,323,36,35,1848,8,
2020-09-13,17,322,36,36,1848,8,
2020-09-14,18,321,61,42,1853,8,
2020-09-15,20,319,53,49,1854,8,
2020-09-16,22,318,56,56,1854,8,
2020-09-17,22,318,54,67,1856,8,
2020-09-18,19,321,58,65,1857,8,
2020-09-19,23,318,59,71,1858,8,
2020-09-20,23,318,71,78,1859,8,
2020-09-21,29,314,51,82,1859,8,
2020-09-22,31,312,58,83,1860,8,
2020-09-23,33,311,62,83,1861,8,
2020-09-24,32,312,69,85,1861,8,
2020-09-25,33,311,63,94,1862,8,
2020-09-26,40,306,63,109,1862,8,
2020-09-27,44,302,68,116,1863,8,
2020-09-28,46,301,78,123,1866,8,
2020-09-29,46,301,90,130,1867,8,
2020-09-30,48,300,104,133,1869,8,
2020-10-01,44,304,96,137,1870,8,
2020-10-02,45,303,115,135,1872,8,
2020-10-03,49,300,128,153,1872,8,
2020-10-04,50,299,124,158,1873,8,
2020-10-05,51,299,136,165,1875,8,
2020-10-06,53,297,154,165,1876,8,
2020-10-07,57,295,153,172,1879,8,
2020-10-08,56,296,145,178,1880,8,
2020-10-09,58,298,150,187,1886,8,
2020-10-10,58,298,146,197,1888,8,
2020-10-11,63,296,155,206,1891,8,
2020-10-12,66,295,157,210,1891,8,
2020-10-13,65,297,142,189,1896,8,
2020-10-14,71,292,159,199,1897,8,
2020-10-15,72,291,158,203,1901,8,
2020-10-16,78,287,185,203,1903,8,
2020-10-17,79,286,214,223,1906,8,
2020-10-18,86,281,209,234,1906,8,
2020-10-19,87,282,197,249,1907,8,
2020-10-20,86,286,216,260,1908,8,
2020-10-21,80,291,203,243,1910,8,
2020-10-22,77,295,229,237,1913,8,
2020-10-23,78,296,321,269,1913,8,
2020-10-24,82,295,376,282,1919,8,
2020-10-25,86,292,381,295,1921,8,
2020-10-26,88,293,397,299,1932,8,
2020-10-27,87,295,396,297,1934,8,
2020-10-28,83,300,419,283,1938,8,
2020-10-29,78,305,421,280,1939,8,
2020-10-30,72,311,457,275,1950,8,
2020-10-31,74,310,509,304,1955,8,
2020-11-01,78,307,502,318,1959,8,
2020-11-02,78,309,530,329,1963,8,
2020-11-03,85,302,485,303,1970,8,
2020-11-04,89,299,522,320,1976,8,
2020-11-05,86,302,521,319,1986,8,
2020-11-06,91,299,586,363,1995,8,
2020-11-07,91,297,604,374,1996,8,
2020-11-08,96,293,625,399,2005,8,
2020-11-09,95,296,647,399,2017,8,
2020-11-10,93,298,683,410,2041,8,
2020-11-11,94,299,695,435,2048,8,
2020-11-12,93,300,702,478,2060,8,
2020-11-13,100,297,721,524,2068,8,
2020-11-14,101,297,719,521,2077,8,
2020-11-15,107,294,716,533,2081,8,
2020-11-16,108,293,700,524,2092,8,
2020-11-17,100,302,678,541,2109,8,
2020-11-18,103,300,619,529,2115,8,
2020-11-19,102,301,558,507,2123,8,
2020-11-20,99,304,562,476,2137,8,
2020-11-21,99,305,590,473,2141,8,
2020-11-22,101,303,528,467,2150,8,
2020-11-23,102,301,534,451,2155,8,
2020-11-24,104,299,542,453,2173,8,
2020-11-25,108,297,543,429,2190,8,
2020-11-26,106,299,516,422,2202,8,
2020-11-27,105,299,545,441,2210,8,
2020-11-28,109,296,598,473,2214,8,
2020-11-29,109,296,710,483,2223,8,
2020-11-30,109,296,743,509,2228,8,
2020-12-01,111,294,664,517,2239,8,
2020-12-02,116,290,707,553,2253,8,
2020-12-03,112,294,680,544,2265,8,
2020-12-04,107,299,673,541,2270,8,
2020-12-05,111,299,686,568,2293,8,
2020-12-06,113,298,720,582,2305,8,
2020-12-07,116,297,673,611,2326,8,
2020-12-08,115,299,618,617,2341,8,
2020-12-09,118,299,623,617,2358,8,
2020-12-10,131,288,604,632,2366,8,
2020-12-11,128,294,585,648,2381,8,
2020-12-12,136,287,644,712,2391,8,
2020-12-13,137,288,659,737,2400,8,
2020-12-14,134,292,695,761,2424,8,
2020-12-15,135,295,728,788,2442,8,
2020-12-16,140,291,819,827,2446,8,
2020-12-17,139,294,757,843,2471,8,
2020-12-18,145,290,795,902,2481,8,
2020-12-19,154,284,931,900,2502,8,
2020-12-20,160,280,965,959,2508,8,
2020-12-21,159,285,963,972,2537,8,
2020-12-22,161,286,1053,997,2555,8,
2020-12-23,162,286,1075,976,2578,8,
2020-12-24,163,287,1146,990,2596,8,
2020-12-27,183,270,1168,1064,2659,8,
2020-12-28,194,262,1145,1032,2688,8,
2020-12-29,192,264,1188,1057,2721,8,
2020-12-30,187,274,1186,1050,2749,8,
2020-12-31,188,274,1159,1009,2769,8,
2021-01-02,207,260,1140,1130,2781,8,
2021-01-03,219,253,1160,1140,2795,8,
2021-01-04,216,257,1097,1101,2830,8,
2021-01-05,220,255,1180,1162,2877,10,138
2021-01-06,218,259,1258,1230,2909,10,129
2021-01-07,224,256,1350,1269,2929,10,134
2021-01-08,228,254,1412,1224,2952,10,129
2021-01-09,245,241,1432,1236,2967,10,140
2021-01-10,252,235,1502,1260,2980,10,144
2021-01-11,249,239,1553,1244,2995,10,144
2021-01-12,249,242,1542,1278,3029,10,140
2021-01-13,244,249,1603,1297,3063,10,137
2021-01-14,243,250,1650,1336,3085,10,134
2021-01-15,246,248,1632,1302,3112,10,135
2021-01-16,246,248,1622,1313,3123,10,137
2021-01-17,248,246,1615,1272,3150,10,141
2021-01-18,254,242,1488,1241,3179,10,145
2021-01-19,251,245,1497,1223,3239,10,142
2021-01-20,251,245,1441,1185,3256,10,143
2021-01-21,244,252,1346,1130,3298,10,134
2021-01-22,252,244,1298,1142,3322,11,138
2021-01-23,255,242,1253,1196,3336,11,142
2021-01-24,256,241,1266,1200,3365,11,142
2021-01-25,246,252,1164,1095,3389,11,135
2021-01-26,238,262,1039,974,3428,11,131
2021-01-27,229,271,1041,938,3462,11,119
2021-01-28,229,271,956,899,3491,11,120
2021-01-29,227,273,911,883,3516,11,118
2021-01-30,230,270,900,898,3529,11,119
2021-01-31,230,271,931,914,3543,11,115
2021-02-01,224,277,855,838,3578,11,110
2021-02-02,216,286,763,801,3601,11,108
2021-02-03,206,298,701,758,3627,11,106
2021-02-04,208,297,591,730,3640,11,110
2021-02-05,208,298,523,707,3654,11,115
2021-02-06,208,298,521,684,3659,11,117
2021-02-07,213,293,494,686,3669,11,123
2021-02-08,205,301,459,651,3668,11,117
2021-02-09,200,306,394,568,3683,11,115
2021-02-10,194,312,369,501,3694,11,113
2021-02-11,180,326,339,465,3706,11,104
2021-02-12,174,335,294,437,3711,11,105
2021-02-13,171,338,274,401,3714,11,106
2021-02-14,170,339,270,392,3714,11,105
2021-02-15,170,339,269,391,3717,11,106
2021-02-16,155,354,210,333,3728,11,93
2021-02-17,142,367,191,323,3730,11,82
2021-02-18,130,379,164,259,3730,11,77
2021-02-19,126,383,126,243,3733,11,78
2021-02-20,130,381,126,246,3734,11,84
2021-02-21,129,382,126,242,3734,11,83
2021-02-22,127,384,125,228,3736,11,77
2021-02-23,117,394,109,218,3739,11,75
2021-02-24,111,401,105,206,3742,11,69
2021-02-25,111,401,101,202,3743,11,68
2021-02-26,101,411,88,175,3743,11,66
2021-02-27,106,406,80,179,3744,11,71
2021-02-28,106,406,80,179,3744,11,71
2021-03-01,97,415,71,162,3746,11,67
2021-03-02,98,415,65,163,3745,11,72
2021-03-03,94,419,62,163,3745,11,70
2021-03-04,86,427,60,154,3748,11,62
2021-03-05,83,430,55,141,3748,11,59
2021-03-06,84,429,55,139,3748,11,59
2021-03-07,84,429,55,139,3748,11,59
2021-03-08,85,428,56,136,3748,11,60
2021-03-09,84,430,55,134,3748,11,60
2021-03-10,83,431,51,137,3749,11,60
2021-03-11,80,434,45,138,3750,11,59
2021-03-12,84,430,45,139,3750,11,64
2021-03-14,87,427,42,146,3750,11,68
2021-03-15,80,434,43,138,3752,11,61
2021-03-16,72,442,30,123,3752,11,56
2021-03-17,59,455,24,108,3752,11,48
2021-03-18,52,462,11,98,3753,11,44
2021-03-19,52,462,11,101,3753,11,44
2021-03-21,56,459,12,110,3753,11,48
2021-03-22,52,463,10,99,3753,11,45
2021-03-23,52,463,11,104,3753,11,45
2021-03-24,46,469,8,95,3753,11,41
2021-03-25,45,470,8,101,3753,11,40
2021-03-26,50,466,9,115,3753,11,45
2021-03-28,54,463,9,119,3753,11,49
2021-03-29,50,467,9,113,3753,11,45
2021-03-30,43,475,10,101,3753,11,39
2021-03-31,44,474,9,103,3753,11,40
2021-04-02,46,472,7,106,3754,11,42
2021-04-04,50,468,6,116,3755,11,46
2021-04-05,52,466,8,121,3755,11,46
2021-04-06,52,467,9,118,3755,11,45
2021-04-07,49,470,10,119,3755,11,41
2021-04-08,46,473,15,118,3755,11,37
2021-04-09,41,478,23,117,3755,11,28
2021-04-11,41,478,24,120,3755,11,28
2021-04-12,36,483,21,115,3755,11,25
2021-04-13,41,478,19,131,3755,11,30
2021-04-14,40,479,22,121,3755,11,29
2021-04-15,38,481,26,119,3755,11,25
2021-04-16,39,480,32,124,3755,11,26
2021-04-18,40,479,36,127,3755,11,26
2021-04-19,36,483,38,128,3755,11,23
2021-04-20,34,485,37,122,3755,11,22
2021-04-21,37,482,42,135,3755,11,22
2021-04-22,30,489,42,120,3755,11,16
2021-04-23,34,485,49,135,3755,11,19
2021-04-25,35,484,48,133,3755,11,20
2021-04-26,36,483,44,131,3756,11,21
2021-04-27,39,480,49,133,3756,11,22
2021-04-28,45,474,41,139,3757,11,26
2021-04-29,49,472,52,148,3757,11,26
2021-04-30,48,473,54,163,3758,11,26
2021-05-02,50,471,56,170,3760,11,28
2021-05-03,50,471,60,175,3760,11,27
2021-05-04,52,469,60,180,3761,11,28
2021-05-05,46,475,62,163,3762,11,25
2021-05-06,50,471,72,168,3763,11,26
2021-05-07,46,475,70,161,3762,11,26
2021-05-09,45,476,67,155,3762,11,27
2021-05-10,46,476,69,161,3764,11,26
2021-05-11,43,479,65,157,3764,11,25
2021-05-12,41,481,66,149,3764,11,24
2021-05-13,36,486,57,120,3765,13,20
2021-05-14,36,486,56,118,3765,13,21
2021-05-16,34,488,47,110,3765,13,19
2021-05-17,35,487,39,98,3766,13,18
2021-05-18,35,487,44,99,3766,13,19
2021-05-19,37,485,52,101,3767,13,20
2021-05-20,34,488,53,101,3768,13,17
2021-05-21,34,489,48,97,3770,13,18
2021-05-23,35,488,52,102,3770,13,21
2021-05-24,35,488,51,102,3771,13,21
2021-05-25,33,490,49,95,3771,13,20
2021-05-26,37,486,61,119,3773,13,20
2021-05-27,35,488,61,116,3772,13,18
2021-05-28,29,494,61,107,3772,13,12
2021-05-30,29,494,57,105,3772,13,13
2021-05-31,29,494,51,96,3773,13,13
2021-06-01,28,495,45,92,3773,13,15
2021-06-02,25,498,43,74,3774,13,12
2021-06-03,26,497,39,77,3776,13,12
2021-06-04,26,497,40,69,3777,13,12
2021-06-06,27,496,41,71,3777,13,12
2021-06-07,20,503,40,45,3777,13,7
2021-06-08,19,504,35,40,3780,13,8
2021-06-09,17,506,35,38,3780,13,7
2021-06-10,16,507,19,24,3781,13,6
2021-06-11,14,509,18,23,3781,13,6
2021-06-13,15,508,21,24,3781,13,6
2021-06-14,14,509,22,25,3781,13,6
2021-06-15,9,514,22,17,3781,13,2
2021-06-16,10,513,21,20,3781,13,2
2021-06-17,9,514,23,20,3781,13,2
2021-06-18,9,514,23,19,3782,13,2
2021-06-20,9,514,18,15,3782,13,2
2021-06-21,9,514,19,16,3782,13,1
2021-06-22,9,514,16,14,3782,13,2
2021-06-23,8,515,13,11,3782,13,2
2021-06-24,8,515,11,10,3782,13,2
2021-06-25,6,517,8,9,3782,13,2
2021-06-27,6,517,8,9,3782,13,2
2021-06-28,5,518,8,5,3782,13,1
2021-06-29,3,520,9,4,3782,13,1
2021-06-30,3,520,9,4,3782,13,1
2021-07-02,3,520,21,5,3782,13,0
2021-07-04,3,520,22,6,3783,13,0
2021-07-05,3,520,23,6,3783,13,0
2021-07-06,3,520,23,9,3783,13,0
2021-07-07,4,519,20,8,3785,13,0
2021-07-08,4,519,19,9,3785,13,0
2021-07-09,4,519,18,10,3786,13,0
2021-07-11,4,519,18,10,3786,13,0
2021-07-12,5,518,13,14,3788,13,0
2021-07-13,3,520,10,8,3788,13,0
2021-07-14,4,519,11,7,3788,13,0
2021-07-15,4,519,11,7,3788,13,0
2021-07-16,3,520,11,8,3789,13,0
2021-07-18,3,520,12,9,3789,13,0
2021-07-19,5,518,24,12,3790,13,0
2021-07-20,5,518,24,12,3790,13,0
2021-07-21,5,518,28,13,3790,13,0
2021-07-22,5,518,28,13,3790,13,0
2021-07-23,5,518,27,8,3790,13,0
2021-07-25,5,518,27,8,3790,13,0
2021-07-26,5,518,24,8,3791,13,0
2021-07-27,5,518,15,4,3791,13,0
2021-07-28,4,519,14,4,3791,13,0
2021-07-29,5,518,16,7,3791,13,0
2021-07-30,4,519,9,7,3791,13,1
2021-08-01,4,519,9,10,3791,13,1
2021-08-03,5,519,10,15,3793,13,2
2021-08-04,4,520,6,12,3793,13,1
2021-08-05,4,520,6,12,3793,13,1
2021-08-06,4,520,6,12,3793,13,1
2021-08-08,4,520,7,12,3793,13,1
2021-08-09,3,521,4,13,3793,13,2
2021-08-10,3,521,4,13,3793,13,2
2021-08-11,3,521,3,9,3793,13,1
2021-08-12,3,521,3,11,3793,13,1
2021-08-13,2,522,4,5,3793,13,0
2021-08-15,2,522,4,5,3793,13,0
2021-08-16,2,522,1,5,3793,13,1
2021-08-17,2,522,1,5,3793,13,1
2021-08-18,3,521,1,10,3793,13,2
2021-08-19,4,520,3,10,3793,13,2
2021-08-20,3,521,7,10,3793,13,1
2021-08-22,3,521,7,10,3793,13,1
2021-08-23,5,519,8,12,3793,13,2
2021-08-24,4,520,10,7,3793,13,2
2021-08-25,4,520,10,9,3793,13,2
2021-08-26,5,519,11,13,3793,13,3
2021-08-27,6,518,12,11,3794,13,3
2021-08-29,6,518,13,13,3794,13,3
2021-08-30,8,516,29,20,3794,13,3
2021-08-31,6,518,30,17,3794,13,2
2021-09-01,6,518,28,17,3794,13,2
2021-09-02,6,518,34,19,3794,13,2
2021-09-03,8,516,31,23,3795,13,4
2021-09-05,9,515,31,25,3795,13,5
2021-09-07,7,517,27,23,3799,13,3
2021-09-08,7,517,28,19,3802,13,2
2021-09-09,7,517,32,17,3804,13,2
2021-09-10,7,517,31,18,3804,13,3
2021-09-12,8,516,31,21,3804,13,3
2021-09-13,7,517,29,22,3805,13,2
2021-09-14,7,517,41,23,3806,13,0
2021-09-15,7,517,33,19,3807,13,1
2021-09-16,7,517,37,16,3807,13,1
2021-09-17,8,516,29,19,3811,13,3
2021-09-19,8,516,31,20,3811,13,3
2021-09-20,10,514,32,16,3811,13,4
2021-09-21,13,511,36,19,3812,13,5
2021-09-22,13,512,36,20,3813,13,5
2021-09-23,15,510,49,37,3814,13,6
2021-09-24,17,508,53,36,3815,13,4
2021-09-26,17,508,55,38,3816,13,3
2021-09-27,17,508,52,37,3817,13,3
2021-09-28,17,508,54,39,3817,13,3
2021-09-29,19,506,53,43,3818,13,5
2021-10-01,18,507,35,33,3820,13,6
2021-10-03,19,506,47,35,3820,13,6
2021-10-04,17,508,48,37,3821,13,6
2021-10-05,14,511,40,27,3822,13,5
2021-10-06,13,512,37,25,3822,13,5
2021-10-07,14,511,31,24,3822,13,6
2021-10-08,12,513,32,21,3822,13,5
2021-10-10,12,513,29,21,3822,13,6
2021-10-12,9,516,29,20,3822,13,3
2021-10-13,10,515,25,25,3822,13,3
2021-10-14,8,517,23,23,3822,13,2
2021-10-15,9,516,24,25,3823,13,2
2021-10-17,9,516,24,25,3823,13,2
2021-10-18,8,517,22,23,3823,13,1
2021-10-19,6,519,19,21,3823,13,1
2021-10-20,7,518,17,21,3824,13,1
2021-10-21,5,520,14,19,3824,13,0
2021-10-22,5,520,13,14,3824,13,0
2021-10-25,5,520,14,11,3824,13,0
2021-10-26,3,522,12,9,3824,13,0
2021-10-27,3,522,12,9,3824,13,0
2021-10-28,3,522,14,11,3824,13,0
2021-10-29,3,522,14,11,3824,13,0
2021-11-01,3,522,3,9,3824,13,2
2021-11-02,3,522,3,9,3824,13,2
2021-11-03,2,523,2,9,3824,13,2
2021-11-04,2,523,2,9,3824,13,2
2021-11-05,2,523,2,9,3824,13,2
2021-11-08,2,523,0,5,3824,13,2
2021-11-09,2,523,0,4,3824,13,2
2021-11-10,2,523,0,6,3824,13,2
2021-11-12,1,524,1,6,3824,13,1
2021-11-15,1,524,1,4,3824,13,1
2021-11-16,2,524,2,4,3824,13,1
2021-11-17,2,524,2,4,3824,13,1
2021-11-18,3,523,2,8,3824,13,2
2021-11-19,3,523,2,8,3824,13,2
2021-11-22,3,523,2,8,3824,13,2
2021-11-23,4,522,3,9,3824,13,2
2021-11-24,4,522,3,9,3824,13,2
2021-11-25,4,522,3,10,3824,13,2
2021-11-26,4,522,3,10,3824,13,2
2021-11-29,3,523,2,10,3824,13,2
2021-11-30,4,522,4,18,3824,13,3
2021-12-01,7,519,4,20,3824,13,6
2021-12-02,5,521,5,18,3826,13,2
2021-12-03,5,521,6,16,3826,13,2
2021-12-06,7,519,13,23,3827,13,2
2021-12-07,7,519,15,26,3828,13,2
2021-12-08,7,519,17,28,3828,13,2
2021-12-09,8,518,18,28,3828,13,2
2021-12-10,9,518,18,30,3828,13,3
2021-12-13,11,515,23,37,3829,13,3
2021-12-14,11,515,18,30,3829,13,4
2021-12-15,11,515,21,31,3829,13,3
2021-12-16,13,513,22,24,3831,13,4
2021-12-17,15,511,24,31,3831,13,4
2021-12-18,15,511,24,31,3831,13,4
2021-12-19,17,509,25,33,3831,13,5
2021-12-20,19,507,26,37,3831,13,7
2021-12-21,18,508,28,42,3832,13,6
2021-12-22,19,507,28,44,3832,13,6
2021-12-23,26,502,31,56,3832,13,11
2021-12-24,32,498,35,76,3832,13,14
2021-12-25,35,496,54,109,3832,13,15
2021-12-26,37,494,78,135,3832,13,15
2021-12-27,41,490,93,161,3832,13,15
2021-12-28,47,484,126,202,3833,13,17
2021-12-29,58,474,186,307,3833,13,20
2021-12-30,98,435,249,520,3833,13,38
2021-12-31,118,415,379,738,3834,13,43
2022-01-01,130,403,437,818,3835,13,49
2022-01-02,130,403,464,818,3835,13,49
2022-01-03,135,399,499,874,3835,13,53
2022-01-04,145,389,571,1027,3839,13,54
2022-01-05,186,351,870,1525,3844,13,65
2022-01-06,208,333,1053,1928,3851,13,68
2022-01-07,242,300,1285,2374,3852,13,70
2022-01-08,257,285,1420,2606,3857,13,74
2022-01-09,259,283,1452,2612,3857,13,74
2022-01-10,271,274,1566,2762,3865,13,69
2022-01-11,290,257,1739,3254,3875,13,74
2022-01-12,311,238,1905,3609,3884,13,70
2022-01-13,326,225,2146,3830,3893,13,69
2022-01-14,336,215,2363,3888,3897,13,70
2022-01-15,344,209,2532,4077,3905,13,73
2022-01-16,346,207,2548,4090,3905,13,73
2022-01-17,350,204,2617,4157,3908,13,77
2022-01-18,347,207,2539,4153,3916,13,77
2022-01-19,351,203,2498,4128,3933,13,77
2022-01-20,358,197,2569,4088,3945,13,77
2022-01-21,368,189,2671,3968,3961,13,81
2022-01-22,371,186,2731,3956,3966,13,83
2022-01-23,371,186,2731,3956,3966,13,83
2022-01-24,369,189,2821,3862,3972,13,78
2022-01-25,359,199,2722,3594,4009,13,80
2022-01-26,351,208,2661,3269,4035,13,69
2022-01-27,350,209,2612,3017,4050,13,68
2022-01-28,350,209,2600,2872,4068,13,66
2022-01-29,353,207,2604,2787,4077,13,66
2022-01-30,353,207,2604,2787,4077,13,66
2022-01-31,342,219,2427,2686,4092,13,65
2022-02-01,327,235,2213,2292,4117,13,64
2022-02-02,320,242,2084,2028,4125,13,66
2022-02-03,313,252,2006,1759,4139,13,67
2022-02-04,301,264,2004,1635,4150,13,62
2022-02-05,291,274,1876,1501,4157,13,62
2022-02-06,290,275,1863,1499,4157,13,62
2022-02-07,285,280,1787,1421,4158,13,62
2022-02-08,265,300,1673,1317,4168,13,51
2022-02-09,257,308,1576,1220,4185,13,50
2022-02-10,255,310,1513,1146,4197,13,49
2022-02-11,247,319,1401,1130,4206,13,49
2022-02-12,243,323,1386,1122,4207,13,48
2022-02-13,243,323,1385,1119,4207,13,48
2022-02-14,234,332,1323,1042,4207,13,48
2022-02-15,174,392,964,706,4219,13,36
2022-02-16,155,411,756,547,4239,13,29
2022-02-17,141,426,691,502,4244,13,27
2022-02-18,134,433,609,415,4252,13,26
2022-02-19,129,438,639,408,4253,13,25
2022-02-20,129,438,639,408,4254,13,25
2022-02-21,129,438,639,408,4254,13,25
2022-02-22,116,451,597,363,4255,13,23
2022-02-23,84,470,416,249,4263,13,16
2022-02-24,74,480,352,245,4266,13,15
2022-02-25,70,484,331,178,4270,13,16
2022-02-26,72,483,267,159,4278,13,19
2022-02-27,72,483,267,159,4278,13,19
2022-02-28,67,488,221,151,4279,13,17
2022-03-01,63,492,198,151,4282,13,16
2022-03-02,63,492,168,137,4282,13,18
2022-03-03,61,494,179,136,4284,13,14
2022-03-04,58,497,192,151,4284,13,13
2022-03-05,58,497,192,148,4284,13,14
2022-03-06,58,497,192,148,4284,13,14
2022-03-07,56,499,206,148,4284,13,11
2022-03-08,48,507,211,129,4284,13,10
2022-03-09,47,508,223,131,4284,13,8
2022-03-10,43,512,258,113,4284,13,9
2022-03-11,43,512,261,110,4285,13,8
2022-03-14,44,513,297,117,4286,13,7
2022-03-15,41,516,277,110,4286,13,6
2022-03-16,45,512,247,98,4288,13,7
2022-03-17,45,512,234,101,4287,13,6
2022-03-18,43,514,226,101,4287,13,6
2022-03-19,44,513,245,109,4287,13,6
2022-03-20,44,513,245,109,4287,13,6
2022-03-21,45,512,249,112,4287,13,5
2022-03-22,46,511,263,120,4290,13,7
2022-03-23,46,512,256,115,4290,13,10
2022-03-24,50,509,256,122,4291,13,10
2022-03-25,54,505,280,137,4291,13,10
2022-03-26,57,503,286,142,4291,13,11
2022-03-27,57,503,286,142,4291,13,11
2022-03-28,54,506,297,141,4291,13,10
2022-03-29,56,504,328,153,4292,13,7
2022-03-30,59,502,335,175,4292,13,8
2022-03-31,65,496,355,191,4292,13,9
2022-04-01,65,496,288,185,4292,13,12
2022-04-02,66,495,287,192,4294,13,14
2022-04-03,67,494,294,195,4294,13,14
2022-04-04,69,492,308,199,4294,13,15
2022-04-05,72,490,363,214,4297,13,13
2022-04-06,76,488,468,264,4297,13,11
2022-04-07,80,484,483,259,4298,13,13
2022-04-08,93,472,498,280,4299,13,15
2022-04-09,101,465,517,337,4301,13,17
2022-04-10,101,465,527,337,4301,13,17
2022-04-11,101,465,527,339,4301,13,18
2022-04-12,115,453,610,369,4311,13,14
2022-04-13,120,448,659,381,4314,13,14
2022-04-14,129,440,695,421,4315,13,16
2022-04-15,136,435,690,443,4318,13,16
2022-04-16,136,435,690,442,4318,13,16
2022-04-17,136,435,690,442,4318,13,16
2022-04-18,136,435,708,452,4318,13,15
2022-04-19,142,430,767,471,4319,13,15
2022-04-20,144,430,778,480,4321,13,10
2022-04-21,141,433,779,482,4321,13,11
2022-04-22,140,435,813,490,4328,13,11
2022-04-23,149,427,852,516,4328,13,12
2022-04-24,149,427,852,516,4328,13,12
2022-04-25,158,419,939,533,4329,13,11
2022-04-26,168,409,1027,559,4335,13,14
2022-04-27,176,401,1053,581,4335,13,15
2022-04-28,177,400,1115,616,4335,13,18
2022-04-29,179,399,1228,640,4338,13,17
2022-04-30,175,403,1218,645,4338,13,18
2022-05-01,175,403,1218,645,4339,13,18
2022-05-02,160,418,1238,598,4347,13,17
2022-05-03,158,421,1252,565,4348,13,16
2022-05-04,148,431,1180,506,4355,13,15
2022-05-05,153,426,1206,529,4357,13,16
2022-05-06,156,424,1177,545,4363,13,12
2022-05-07,167,414,1221,571,4368,13,15
2022-05-08,166,415,1217,571,4368,13,15
2022-05-09,168,415,1234,584,4370,13,16
2022-05-10,160,424,1255,624,4374,13,15
2022-05-11,161,423,1204,591,4375,13,19
2022-05-12,164,420,1292,591,4381,13,18
2022-05-13,162,422,1227,543,4385,13,19
2022-05-14,164,421,1256,565,4390,13,20
2022-05-15,164,421,1235,561,4390,13,20
2022-05-16,164,421,1278,556,4391,13,21
2022-05-17,159,426,1224,580,4403,13,19
2022-05-18,147,438,1181,497,4404,13,17
2022-05-19,139,446,1073,479,4414,13,21
2022-05-20,133,452,1022,440,4417,13,22
2022-05-21,130,455,954,412,4417,13,20
2022-05-22,130,455,954,412,4417,13,20
2022-05-23,130,455,954,412,4417,13,20
2022-05-24,133,452,942,425,4418,13,20
2022-05-25,126,459,893,372,4421,13,15
2022-05-26,129,457,783,343,4426,13,17
2022-05-27,126,460,736,328,4431,13,16
2022-05-28,117,469,690,302,4434,13,14
2022-05-29,117,469,690,302,4434,13,14
2022-05-30,113,473,653,285,4438,13,14
2022-05-31,110,476,653,293,4441,13,19
2022-06-01,104,482,605,281,4441,13,22
2022-06-02,92,494,569,249,4442,13,20
2022-06-03,92,494,559,242,4444,13,22
2022-06-04,92,494,528,238,4445,13,22
2022-06-05,92,494,528,238,4445,13,22
2022-06-06,83,503,532,223,4446,13,19
2022-06-07,77,509,528,203,4448,13,17
2022-06-08,71,515,500,189,4451,13,16
2022-06-09,74,512,550,194,4452,13,15
2022-06-10,72,514,549,185,4456,13,15
2022-06-11,74,512,506,177,4456,13,16
2022-06-12,74,512,506,177,4456,13,16
2022-06-13,68,518,446,173,4457,13,11
2022-06-14,62,524,366,167,4458,13,11
2022-06-15,54,532,342,124,4459,13,8
2022-06-16,42,544,257,97,4461,13,7
2022-06-17,45,541,266,93,4465,13,7
2022-06-18,52,535,293,95,4466,13,7
2022-06-19,52,535,293,95,4466,13,7
2022-06-20,52,535,267,87,4466,13,8
2022-06-21,51,536,270,80,4467,13,9
2022-06-22,51,538,282,86,4469,13,10
2022-06-23,48,540,286,85,4469,13,7
2022-06-24,47,540,266,82,4469,13,6
2022-06-25,48,538,281,83,4469,13,7
2022-06-26,48,538,283,82,4469,13,7
2022-06-27,47,539,268,81,4470,13,7
2022-06-28,47,539,257,74,4470,13,7
2022-06-29,44,542,303,99,4474,13,5
2022-06-30,47,539,366,138,4475,13,7
2022-07-01,52,534,406,145,4475,13,9
2022-07-02,52,534,406,145,4475,13,9
2022-07-03,52,534,406,145,4475,13,9
2022-07-04,53,533,393,134,4478,13,11
2022-07-05,57,529,415,155,4480,13,13
2022-07-06,63,523,382,155,4486,13,13
2022-07-07,65,522,422,163,4486,13,12
2022-07-08,67,520,501,193,4487,13,11
2022-07-09,68,519,504,203,4488,13,11
2022-07-10,68,519,504,203,4488,13,11
2022-07-11,75,512,549,226,4493,13,12
2022-07-12,85,503,608,304,4496,13,16
2022-07-13,99,490,709,330,4499,13,15
2022-07-14,101,488,757,383,4502,13,17
2022-07-15,118,472,820,438,4503,22,18
2022-07-16,133,458,948,472,4505,13,18
2022-07-17,133,458,948,472,4505,13,18
2022-07-18,136,455,1017,530,4505,13,18
2022-07-19,143,449,1193,572,4515,13,17
2022-07-20,151,442,1289,641,4518,13,18
2022-07-21,159,434,1408,674,4519,13,21
2022-07-22,162,432,1642,768,4528,13,21
2022-07-23,176,419,1809,782,4528,13,21
2022-07-24,176,419,1809,782,4528,13,21
2022-07-25,174,421,1901,802,4533,13,19
2022-07-26,180,416,2043,870,4540,13,15
2022-07-27,185,412,2104,872,4548,13,15
2022-07-28,185,413,2044,851,4552,13,14
2022-07-29,184,414,1948,843,4555,13,17
2022-07-30,183,415,1917,865,4558,13,16
2022-07-31,183,415,1933,865,4558,13,16
2022-08-01,183,415,1933,865,4558,13,16
2022-08-02,186,413,1930,866,4562,13,16
2022-08-03,191,408,1866,837,4575,13,16
2022-08-04,194,405,1722,790,4586,13,18
2022-08-05,194,406,1567,798,4593,13,18
2022-08-06,195,405,1581,786,4595,13,19
2022-08-07,195,405,1581,786,4595,13,19
2022-08-08,191,409,1541,778,4598,13,19
2022-08-09,186,414,1454,690,4608,13,18
2022-08-10,191,410,1459,689,4609,13,22
2022-08-11,195,406,1475,719,4620,13,20
2022-08-12,189,413,1531,731,4624,13,15
2022-08-13,185,417,1572,757,4626,13,15
2022-08-14,185,417,1572,757,4626,13,15
2022-08-15,174,428,1511,752,4629,13,15
2022-08-16,175,428,1511,726,4634,13,15
2022-08-17,167,436,1537,748,4642,13,17
2022-08-18,161,442,1517,733,4644,13,19
2022-08-19,156,447,1463,692,4649,13,17
2022-08-20,152,451,1388,660,4651,13,15
2022-08-21,152,451,1388,660,4651,13,15
2022-08-22,150,453,1375,618,4655,13,13
2022-08-23,155,450,1494,609,4661,13,14
2022-08-24,146,459,1557,593,4671,13,12
2022-08-25,147,459,1628,587,4680,13,11
2022-08-26,162,444,1679,633,4686,13,11
2022-08-27,158,448,1786,639,4687,13,9
2022-08-28,158,448,1786,639,4687,13,9
2022-08-29,155,451,1711,619,4690,13,8
2022-08-30,156,451,1674,652,4699,13,8
2022-08-31,156,452,1711,667,4709,13,8
2022-09-01,161,447,1694,693,4710,13,10
2022-09-02,152,456,1699,605,4712,13,9
2022-09-06,151,457,1765,629,4723,13,10
2022-09-07,147,461,1719,612,4734,13,9
2022-09-08,134,474,1410,523,4747,13,7
2022-09-09,131,477,1251,457,4757,13,6
2022-09-10,131,477,1223,443,4757,13,6
2022-09-11,131,477,1223,443,4757,13,6
2022-09-12,134,475,1244,442,4758,13,6
2022-09-13,139,471,1186,432,4763,13,11
2022-09-14,142,469,1177,441,4772,13,12
2022-09-15,140,471,1183,435,4776,13,12
2022-09-16,142,469,1212,458,4777,13,12
2022-09-17,147,464,1216,460,4778,13,16
2022-09-18,148,463,1230,463,4778,13,16
2022-09-19,149,462,1197,457,4779,13,19
2022-09-20,145,468,1165,439,4778,13,19
2022-09-21,153,460,1201,471,4778,13,20
2022-09-22,154,459,1240,493,4779,13,18
2022-09-23,146,467,1241,496,4779,13,14
2022-09-24,146,467,1234,493,4779,13,14
2022-09-25,146,467,1234,493,4779,13,14
2022-09-26,145,468,1120,463,4779,13,14
2022-09-27,144,469,1012,459,4792,13,14
2022-09-28,143,470,1020,478,4805,13,15
2022-09-29,136,477,1080,493,4816,13,13
2022-09-30,137,476,1080,492,4816,13,13
2022-10-05,150,467,1263,536,4836,13,9
2022-10-06,145,472,1336,518,4845,13,12
2022-10-07,157,461,1519,564,4849,13,15
2022-10-08,152,466,1499,514,4859,13,17
2022-10-10,152,466,1503,519,4860,13,17
2022-10-11,150,468,1493,500,4861,13,15
2022-10-12,152,467,1526,480,4872,13,14
2022-10-13,150,469,1471,479,4880,13,8
2022-10-14,151,469,1525,504,4883,13,11
2022-10-17,158,462,1570,495,4886,13,12
2022-10-18,140,480,1499,495,4893,13,9
2022-10-19,137,484,1557,520,4897,13,8
2022-10-20,142,479,1600,556,4903,13,7
2022-10-21,158,463,1784,650,4917,13,7
2022-10-22,161,460,1867,663,4919,13,6
2022-10-23,161,460,1867,663,4919,13,6
2022-10-24,154,468,1785,651,4922,13,5
2022-10-25,151,471,1787,680,4926,13,4
2022-10-26,155,467,1787,677,4932,13,4
2022-10-27,161,461,1737,680,4942,13,5
2022-10-28,159,463,1844,694,4951,13,6
2022-10-29,158,464,1755,695,4955,13,5
2022-10-30,158,464,1755,695,4955,13,5
2022-10-31,153,469,1704,678,4957,13,3
2022-11-01,153,469,1689,665,4960,13,1
2022-11-02,151,471,1563,598,4973,13,2
2022-11-03,145,477,1504,583,4988,13,1
2022-11-04,145,477,1487,564,4998,13,3
2022-11-05,146,476,1458,554,5000,13,4
2022-11-06,146,476,1458,554,5000,13,4
2022-11-07,127,495,1398,519,5000,13,3
2022-11-08,126,496,1353,508,5002,13,6
2022-11-09,129,493,1366,510,5003,13,5
2022-11-10,129,493,1356,534,5010,13,5
2022-11-11,130,492,1350,518,5010,13,6
2022-11-12,130,492,1350,518,5010,13,6
2022-11-13,128,494,1306,512,5010,13,6
2022-11-14,121,501,1281,500,5012,13,4
2022-11-15,122,500,1241,477,5019,13,2
2022-11-16,128,494,1209,459,5025,13,3
2022-11-17,130,492,1201,447,5029,13,3
2022-11-18,131,491,1162,431,5030,13,4
2022-11-19,129,493,1161,430,5032,13,4
2022-11-20,129,493,1161,430,5032,13,4
2022-11-21,109,513,1103,379,5035,13,2
2022-11-22,109,513,1135,382,5045,13,2
2022-11-23,106,516,1108,361,5047,13,4
2022-11-25,108,514,1109,359,5049,13,5
2022-11-26,105,517,1112,357,5050,13,4
2022-11-27,105,517,1112,355,5050,13,4
2022-11-28,90,532,1021,332,5054,13,4
2022-11-29,89,533,909,293,5066,13,3
2022-11-30,90,532,909,291,5067,13,3
2022-12-01,89,533,889,272,5068,13,3
2022-12-02,70,552,727,229,5068,13,2
2022-12-03,70,552,673,216,5068,13,2
2022-12-04,70,552,673,216,5068,13,2
2022-12-05,74,548,729,229,5070,13,1
2022-12-06,76,547,586,210,5073,13,1
2022-12-07,78,545,636,228,5075,13,1
2022-12-08,80,543,639,230,5080,13,2
2022-12-09,73,550,558,201,5081,13,1
2022-12-10,76,547,579,207,5082,13,1
2022-12-11,76,547,579,207,5082,13,1
2022-12-12,81,542,553,201,5082,13,3
2022-12-13,83,540,601,244,5080,13,3
2022-12-14,84,539,668,240,5087,13,2
2022-12-15,86,537,753,289,5090,13,4
2022-12-16,86,537,752,306,5095,13,4
2022-12-17,87,536,794,328,5095,13,5
2022-12-18,88,535,793,327,5095,13,4
2022-12-19,89,534,819,357,5101,13,5
2022-12-20,82,541,853,388,5106,13,3
2022-12-21,90,533,935,414,5110,13,3
2022-12-22,98,525,1001,437,5117,13,2
2022-12-23,100,523,958,435,5119,13,1
2022-12-24,102,521,963,448,5119,13,1
2022-12-25,102,521,958,448,5119,13,1
2022-12-26,102,521,961,459,5121,13,1
2022-12-27,100,523,921,437,5125,13,2
2022-12-28,98,525,955,438,5132,13,2
2022-12-29,100,523,985,459,5133,13,3
2022-12-30,104,519,1030,434,5135,13,5
2022-12-31,105,518,1023,425,5135,13,6
2023-01-01,105,518,1022,422,5137,13,7
2023-01-02,106,517,1012,421,5138,13,8
2023-01-03,111,512,923,419,5140,13,4
2023-01-04,114,509,960,464,5156,13,8
2023-01-05,105,518,1037,438,5164,13,5
2023-01-06,109,514,1075,460,5172,13,5
2023-01-07,111,512,1159,491,5172,13,6
2023-01-08,105,518,1148,476,5172,13,3
2023-01-09,105,518,1006,411,5188,13,5
2023-01-10,103,520,980,509,5192,13,10
2023-01-11,107,516,1052,469,5196,13,9
2023-01-12,112,511,1108,477,5202,13,8
2023-01-13,115,508,1077,473,5208,13,6
2023-01-14,109,514,1076,462,5208,13,3
2023-01-15,109,514,1089,456,5207,13,3
2023-01-16,108,515,1032,429,5213,13,8
2023-01-17,106,517,994,415,5217,13,8
2023-01-18,98,525,1009,391,5227,13,5
2023-01-19,94,529,983,396,5229,13,5
2023-01-20,83,540,940,402,5235,13,
2023-01-21,84,539,959,400,5235,13,
2023-01-22,84,539,956,404,5236,13,
2023-01-23,84,539,875,365,5242,13,2
2023-01-24,81,542,868,360,5246,13,4
2023-01-25,71,552,814,315,5251,13,2
2023-01-26,69,554,718,294,5254,13,1
2023-01-27,62,561,577,254,5255,13,2
2023-01-28,64,559,593,259,5255,13,2
2023-01-29,65,558,598,261,5256,13,2
2023-01-30,65,558,573,261,5267,13,1
2023-01-31,72,551,597,257,5270,13,2
2023-02-01,68,555,565,243,5271,13,
2023-02-02,67,556,559,243,5274,13,
2023-02-03,65,558,536,187,5275,13,1
2023-02-04,67,556,615,219,5276,13,2
2023-02-05,66,557,593,219,5276,13,2
2023-02-06,62,561,600,229,5278,13,2
2023-02-07,61,563,544,209,5280,13,2
2023-02-08,58,566,620,234,5282,13,1
2023-02-09,60,564,631,255,5282,13,3
2023-02-10,59,565,626,237,5287,13,2
2023-02-11,58,566,617,225,5287,13,4
2023-02-12,60,564,622,222,5287,13,4
2023-02-13,58,566,632,232,5291,13,4
2023-02-14,59,565,567,218,5291,13,2
2023-02-15,58,566,532,217,5292,13,3
2023-02-16,60,564,609,242,5295,13,3
2023-02-17,58,566,595,218,5297,13,
2023-02-21,54,570,572,203,5300,13,2
2023-02-22,53,571,581,238,5301,13,
2023-02-23,49,575,542,215,5303,13,
2023-02-24,45,579,545,212,5309,13,
2023-02-27,47,577,500,195,5315,13,
2023-02-28,47,577,498,193,5316,13,
2023-03-01,49,575,434,179,5322,13,
2023-03-02,45,579,418,158,5324,13,
2023-03-03,45,579,402,136,5325,13,
2023-03-06,48,576,365,124,5329,13,2
2023-03-07,51,573,370,120,5329,13,1
2023-03-08,48,576,386,147,5329,13,
2023-03-09,46,578,390,163,5329,13,1
2023-03-10,44,580,395,183,5329,13,1
2023-03-13,48,576,431,161,5330,13,2
2023-03-14,45,579,453,150,5332,13,1
2023-03-15,43,581,480,147,5335,13,1
2023-03-16,46,578,539,178,5341,13,1
2023-03-17,46,578,553,179,5341,13,1
2023-03-20,46,578,470,155,5343,13,1
2023-03-21,46,578,494,144,5347,13,1
2023-03-22,45,579,497,126,5348,13,1
2023-03-23,46,578,502,133,5348,13,1
2023-03-24,41,584,423,116,5349,13,1
2023-03-27,40,585,423,136,5350,13,
2023-03-28,40,585,390,128,5351,13,
2023-03-29,39,586,384,136,5351,13,
2023-03-30,32,593,352,122,5351,13,